{
  "max_pool": {
    "mean_r": 0.7978039177825151,
    "std_r": 0.0,
    "n_params": 0
  },
  "mean_pool": {
    "mean_r": 0.5626173726835928,
    "std_r": 0.0,
    "n_params": 0
  },
  "olfabind": {
    "mean_r": 0.19509704038847686,
    "std_r": 0.22041483728893793,
    "ci_95": [
      0.0,
      0.577045712220597
    ],
    "all_r": [
      0.40985865362903173,
      0.0,
      0.20181112100615364,
      0.0,
      0.0,
      0.0,
      0.0,
      0.36040106803027444,
      0.0,
      0.5503253734477942,
      0.0,
      0.0,
      0.0,
      0.27787206193716385,
      0.0,
      0.5684090180433304,
      0.5900007534864967,
      0.0,
      0.0,
      0.5257848324073657,
      0.24728369498173594,
      0.3670981774842347,
      0.40957786109946004,
      0.0,
      0.369003394158881
    ],
    "n_params": 287634,
    "time_sec": 812.8105764389038
  },
  "std_attention": {
    "mean_r": 0.8130237169348162,
    "std_r": 0.04297052907900553,
    "ci_95": [
      0.7506999569496534,
      0.8815867050753626
    ],
    "all_r": [
      0.7909436536558506,
      0.8869996121208634,
      0.7774410664106335,
      0.7527013511063634,
      0.8567840655958672,
      0.8751394106389065,
      0.8285511758113209,
      0.8017518715674599,
      0.786002638041496,
      0.783138943043103,
      0.830058677275771,
      0.7563620979312105,
      0.768343022242833,
      0.8528169455018486,
      0.8342329168952818,
      0.755529153293675,
      0.8746843987264825,
      0.7758605517718138,
      0.792933506271173,
      0.8612524640454826,
      0.7476978657145885,
      0.8779781003783622,
      0.8131250466958628,
      0.8301171260034539,
      0.8151472626306988
    ],
    "n_params": 557569,
    "time_sec": 164.91406798362732
  },
  "dim_analysis": {
    "stability": {
      "pearson": 0.0,
      "spearman": 0.0
    },
    "S_E": {
      "pearson": 0.0,
      "spearman": 0.0
    },
    "S_R": {
      "pearson": 0.0,
      "spearman": 0.0
    },
    "S_C": {
      "pearson": 0.0,
      "spearman": 0.0
    },
    "mean_mass": {
      "pearson": 0.0,
      "spearman": 0.0
    },
    "mean_vel": {
      "pearson": 0.0,
      "spearman": 0.0
    },
    "total_L": {
      "pearson": 0.0,
      "spearman": 0.0
    },
    "displacement": {
      "pearson": 0.0,
      "spearman": 0.0
    },
    "init_r": {
      "pearson": 0.0,
      "spearman": 0.0
    },
    "final_r": {
      "pearson": 0.0,
      "spearman": 0.0
    },
    "init_pos_x": {
      "pearson": 0.0,
      "spearman": 0.0
    },
    "init_pos_y": {
      "pearson": 0.0,
      "spearman": 0.0
    },
    "init_pos_z": {
      "pearson": 0.0,
      "spearman": 0.0
    },
    "final_pos_x": {
      "pearson": 0.0,
      "spearman": 0.0
    },
    "final_pos_y": {
      "pearson": 0.0,
      "spearman": 0.0
    },
    "final_pos_z": {
      "pearson": 0.0,
      "spearman": 0.0
    },
    "final_vel_x": {
      "pearson": 0.0,
      "spearman": 0.0
    },
    "final_vel_y": {
      "pearson": 0.0,
      "spearman": 0.0
    },
    "final_vel_z": {
      "pearson": 0.0,
      "spearman": 0.0
    }
  },
  "transfer": {
    "ravia": {
      "n_pairs": 50,
      "max_pool_r": -0.6332847930661435,
      "olfabind_r": 0.0,
      "delta": 0.6332847930661435
    },
    "bushdid": {
      "n_pairs": 260,
      "max_pool_r": -0.5642020197503476,
      "olfabind_r": 0.0,
      "delta": 0.5642020197503476
    }
  },
  "ablation": {
    "full": {
      "mean_r": 0.13542932494133506,
      "std_r": 0.12680630296141265
    },
    "no_gravity": {
      "mean_r": 0.0,
      "std_r": 0.0
    },
    "no_inhibition": {
      "mean_r": 0.10489436448143645,
      "std_r": 0.15321086420736654
    },
    "short_sim_T4": {
      "mean_r": 0.6287411306927753,
      "std_r": 0.04445518998517014
    }
  }
}