{
  "max_pool": {
    "mean_r": 0.7978,
    "std_r": 0.0,
    "n_params": 0
  },
  "mean_pool": {
    "mean_r": 0.5626,
    "std_r": 0.0,
    "n_params": 0
  },
  "t_sweep": {
    "T4": {
      "mean_r": 0.6804,
      "std_r": 0.0561,
      "collapse_rate": 0.0
    },
    "T8": {
      "mean_r": 0.2806,
      "std_r": 0.1983,
      "collapse_rate": 0.3
    },
    "T16": {
      "mean_r": 0.0104,
      "std_r": 0.0313,
      "collapse_rate": 0.9
    },
    "T32": {
      "mean_r": 0.0,
      "std_r": 0.0,
      "collapse_rate": 1.0
    }
  },
  "olfabind": {
    "mean_r": 0.6724680000000001,
    "std_r": 0.05172145953083691,
    "all_r": [
      0.676,
      0.7436,
      0.6851,
      0.6449,
      0.7462,
      0.7426,
      0.5817,
      0.6874,
      0.6956,
      0.5929,
      0.6393,
      0.5573,
      0.6898,
      0.6754,
      0.6498,
      0.6469,
      0.6852,
      0.6016,
      0.6199,
      0.7444,
      0.7208,
      0.6893,
      0.6852,
      0.7308,
      0.68
    ],
    "collapse_rate": 0.0,
    "n_params": 287634
  },
  "std_attention": {
    "mean_r": 0.8138600930971418,
    "std_r": 0.044047212643378506,
    "all_r": [
      0.7931136205886855,
      0.8877224378542906,
      0.7692301859239818,
      0.764094551310005,
      0.8585434650152766,
      0.8805337679823295,
      0.813825810564804,
      0.7924633789183408,
      0.7983437439373009,
      0.7785036682738402,
      0.843811798862582,
      0.7675759167767288,
      0.7692881144601508,
      0.8492090326334675,
      0.8208871946934276,
      0.7547568115867449,
      0.8934842159934558,
      0.7827090969895834,
      0.7917299954463981,
      0.8621632357774126,
      0.7421785043606477,
      0.8805042900492561,
      0.8059644661000148,
      0.8223442279875177,
      0.8235207953423046
    ],
    "n_params": 557569,
    "time_sec": 117.08314538002014
  },
  "dim_analysis": {
    "stability": {
      "pearson": 0.36744784355930854,
      "spearman": 0.44225857587590844
    },
    "S_E": {
      "pearson": 0.2648854643921402,
      "spearman": 0.27135376468901656
    },
    "S_R": {
      "pearson": 0.26469794017656045,
      "spearman": 0.27752175565961534
    },
    "S_C": {
      "pearson": 0.32957594668842605,
      "spearman": 0.4163730396452595
    },
    "mean_mass": {
      "pearson": 0.3097727671297528,
      "spearman": 0.39169789614684364
    },
    "mean_vel": {
      "pearson": 0.365679054970954,
      "spearman": 0.41474596277669584
    },
    "total_L": {
      "pearson": 0.27514694403880974,
      "spearman": 0.33637702508531125
    },
    "displacement": {
      "pearson": 0.3767170376189309,
      "spearman": 0.42388442790505626
    },
    "init_r": {
      "pearson": 0.31845749355278236,
      "spearman": 0.42855641508629194
    },
    "final_r": {
      "pearson": 0.42176875700093064,
      "spearman": 0.4352661113087606
    },
    "init_pos_x": {
      "pearson": 0.3781598842094958,
      "spearman": 0.5072806159211054
    },
    "init_pos_y": {
      "pearson": 0.23993882548448942,
      "spearman": 0.30752615542587525
    },
    "init_pos_z": {
      "pearson": 0.3772563645488584,
      "spearman": 0.48475971395569606
    },
    "final_pos_x": {
      "pearson": 0.29483271340615946,
      "spearman": 0.3533668185599678
    },
    "final_pos_y": {
      "pearson": 0.25847587797427735,
      "spearman": 0.2287411774240816
    },
    "final_pos_z": {
      "pearson": 0.3124444746264045,
      "spearman": 0.3093105833496292
    },
    "final_vel_x": {
      "pearson": 0.18743048581610516,
      "spearman": 0.29677902685030333
    },
    "final_vel_y": {
      "pearson": 0.20237144382634084,
      "spearman": 0.2779449296412025
    },
    "final_vel_z": {
      "pearson": 0.20390236323629385,
      "spearman": 0.265324396399539
    }
  },
  "transfer": {
    "ravia": {
      "n_pairs": 50,
      "max_pool_r": -0.6332847930661435,
      "olfabind_r": 0.07693336558375034,
      "delta": 0.7102181586498938
    },
    "bushdid": {
      "n_pairs": 260,
      "max_pool_r": -0.5642020197503476,
      "olfabind_r": -0.23900007923225117,
      "delta": 0.32520194051809637
    }
  }
}