{
  "v19_contrastive": {
    "mean_r": 0.594208942499331,
    "std_r": 0.057249156183287554,
    "all_r": [
      0.5885252349748642,
      0.6249287075500931,
      0.4911186636544941,
      0.6532705583052758,
      0.6375428673374666,
      0.7119899436386041,
      0.56612580077736,
      0.6286092487297171,
      0.6512226300105025,
      0.5752287155878018,
      0.5378334826964265,
      0.5216696366129645,
      0.5874514745127479,
      0.5578998479406454,
      0.5948433385249817,
      0.54473657211856,
      0.644064065920901,
      0.5013964746453833,
      0.6067401180452704,
      0.6499670940424834,
      0.6011351785802289,
      0.4902084374667104,
      0.6502298968022997,
      0.576592255946253,
      0.661893318061238
    ],
    "collapse_rate": 0.0,
    "n_params": 404248,
    "time_sec": 2601.228277206421,
    "pretrain_final_loss": 1.4379696249961853
  },
  "v18_baseline": {
    "mean_r": 0.670066343217799,
    "std_r": 0.054755357364972626,
    "all_r": [
      0.6200436050080074,
      0.7417512098304492,
      0.6813994911091634,
      0.6153581004079266,
      0.6911863313073336,
      0.7567112472318157,
      0.577105018310112,
      0.6520154698663828,
      0.6661582442609717,
      0.6377781900947674,
      0.6204007059880581,
      0.5767375558781326,
      0.7161889534335879,
      0.7188803717488228,
      0.7314661936916494,
      0.6221476782136097,
      0.6905896907500371,
      0.6521912439109533,
      0.5821294365583369,
      0.7262626365577703,
      0.6817066239727159,
      0.6194943521273518,
      0.6981372340169404,
      0.7295055734142767,
      0.7463134227558015
    ],
    "collapse_rate": 0.0,
    "n_params": 287636,
    "time_sec": 2406.3718831539154
  },
  "v18_reference": {
    "olfabind_mean_r": 0.672,
    "olfabind_std_r": 0.052,
    "std_attention_mean_r": 0.814,
    "std_attention_std_r": 0.044,
    "max_pool_r": 0.798
  }
}