{
  "v20_triplet": {
    "mean_r": 0.4358766380260318,
    "std_r": 0.059880903043424374,
    "all_r": [
      0.4121504792289489,
      0.3822299089987124,
      0.3896606903914811,
      0.5048326941964747,
      0.49065658953516306,
      0.5592625728637026,
      0.35505319078362385,
      0.42249573875298896,
      0.47143346531034486,
      0.4083392412009931,
      0.3080499104611515,
      0.4424867346639463,
      0.4923164586549014,
      0.38109739072031085,
      0.44843288795206826,
      0.46802133396524487,
      0.5014128529653323,
      0.32869452436103663,
      0.4372538780747875,
      0.49237122168899505,
      0.3989260615748711,
      0.4119072381588884,
      0.4303004011105134,
      0.5233074713384921,
      0.43622301369782074
    ],
    "collapse_rate": 0.0,
    "n_params": 404313,
    "time_sec": 2392.055440425873,
    "pretrain_final_loss": 1.0001742839813232
  },
  "v18_baseline": {
    "mean_r": 0.6631972470708105,
    "std_r": 0.05599793668966632,
    "all_r": [
      0.5836831410003389,
      0.6935574299068552,
      0.7258515480082682,
      0.6745111571115241,
      0.6783389570718489,
      0.7309058847076214,
      0.5316248138564876,
      0.6445383565944731,
      0.7030788922043599,
      0.6544448500455277,
      0.6304287772481023,
      0.6055220051495375,
      0.7263644181054376,
      0.6541489272015222,
      0.7172079601161313,
      0.6192933704921256,
      0.703025794446234,
      0.5898460904859735,
      0.5918498473593438,
      0.7605358247550472,
      0.6884058307275076,
      0.6171776606802809,
      0.6597938508504146,
      0.7362001261893515,
      0.6595956624559494
    ],
    "collapse_rate": 0.0,
    "n_params": 287701,
    "time_sec": 2886.1401147842407
  },
  "v19_reference": {
    "v19_contrastive_mean_r": 0.594,
    "v19_contrastive_std_r": 0.057,
    "v18_olfabind_mean_r": 0.672,
    "v18_olfabind_std_r": 0.052
  }
}