{
  "v21_enhanced": {
    "mean_r": 0.552583662536179,
    "std_r": 0.07904693994799668,
    "all_r": [
      0.5819438858418347,
      0.5261619775065691,
      0.4054818180710714,
      0.5470171279353804,
      0.6304483294951991,
      0.5994356233690141,
      0.45651115021320887,
      0.4706166546235831,
      0.5826462596345638,
      0.5878325307916953,
      0.537326043722772,
      0.517594864681896,
      0.5827430557862392,
      0.5565534030847262,
      0.5422329988210493,
      0.48496801905147846,
      0.5921441115483101,
      0.3663533135606821,
      0.7379076998044799,
      0.584071925122595,
      0.6955095735516573,
      0.5016769926824864,
      0.6033177341905208,
      0.5288024186341834,
      0.5952940516792793
    ],
    "collapse_rate": 0.0,
    "n_params": 404314,
    "time_sec": 2679.8684747219086,
    "pretrain_final_loss": 1.002727398276329,
    "improvements": [
      "1_tanimoto_mining",
      "2_18k_pretrain",
      "3_curriculum_mining",
      "4_ghost_augmentation",
      "5_physics_triplet",
      "6_multi_view"
    ]
  },
  "v18_baseline": {
    "mean_r": 0.6686567717747457,
    "std_r": 0.04803445208398575,
    "all_r": [
      0.6517705444765846,
      0.7153155422350324,
      0.6942168608098539,
      0.6108810893152324,
      0.68767707953063,
      0.7311970777327393,
      0.6395814452536062,
      0.6037056106143592,
      0.667142738312164,
      0.6356431278802818,
      0.6598163879111314,
      0.5982456594125616,
      0.7472048511599858,
      0.7294506318489467,
      0.7233663925579169,
      0.6671385945048951,
      0.6676340348621858,
      0.5820457224491161,
      0.6109399388513641,
      0.7268628840591982,
      0.6837648143383741,
      0.6126897952120343,
      0.6606016167330411,
      0.7411526671462464,
      0.6683741871611617
    ],
    "collapse_rate": 0.0,
    "n_params": 287701,
    "time_sec": 3017.3133709430695
  },
  "references": {
    "v20_triplet": 0.436,
    "v19_infonce": 0.594,
    "v18_baseline": 0.672
  }
}