{
  "v22_physics_native": {
    "mean_r": 0.5320355985252209,
    "std_r": 0.11583687814355008,
    "all_r": [
      0.5737833846666643,
      0.6690187299405538,
      0.29531644406661267,
      0.17050563442283498,
      0.6090769016307437,
      0.665544520705287,
      0.5181926371705144,
      0.615639887940134,
      0.5644395967371463,
      0.5382959977600479,
      0.35743672807468313,
      0.4486722544916263,
      0.5219839601612912,
      0.47013407953178243,
      0.5938036506746719,
      0.5675113692874406,
      0.6075871554654707,
      0.42254935206130473,
      0.604202167531291,
      0.4900975396547299,
      0.6340254167915796,
      0.5869181976112365,
      0.6120115117445987,
      0.5933988757984399,
      0.5707439692098373
    ],
    "collapse_rate": 0.0,
    "n_params": 404313,
    "time_sec": 3156.5021255016327,
    "losses": [
      "hamiltonian_matching",
      "pinn_regularization",
      "spectral_matching"
    ],
    "lambda_H": 0.01,
    "lambda_S": 0.01,
    "lambda_P": 0.001
  },
  "v18_baseline": {
    "mean_r": 0.6795340008391976,
    "std_r": 0.0487975133337721,
    "all_r": [
      0.6797774716942259,
      0.7153247337603678,
      0.636748907532744,
      0.6409425380401046,
      0.6719925966372976,
      0.7634290144923636,
      0.6338022680272997,
      0.7109904928334475,
      0.7308626917737887,
      0.6622460188954847,
      0.653172252582266,
      0.5840849884924212,
      0.7096011701252153,
      0.7355865888213753,
      0.7294096613679101,
      0.6398829705743455,
      0.7310766900726265,
      0.6206853032539419,
      0.6239940223222912,
      0.7182776564792813,
      0.7366820790511381,
      0.6222374388566363,
      0.6609752161944283,
      0.74376465032649,
      0.63280259877245
    ],
    "collapse_rate": 0.0,
    "n_params": 287701,
    "time_sec": 3011.033110141754
  },
  "references": {
    "v21_enhanced": 0.553,
    "v20_triplet": 0.436,
    "v19_infonce": 0.594,
    "v18_baseline": 0.672
  }
}