{
  "A_training_opt": {
    "mean_r": 0.7274155521448439,
    "std_r": 0.037208795358347764,
    "all_r": [
      0.7667552019386099,
      0.7609281447107922,
      0.6698183136455518,
      0.7034020727888917,
      0.7607052323207716,
      0.7883106044422423,
      0.7226419242013551,
      0.7092019642713228,
      0.7008890509660912,
      0.6871762261420042,
      0.7111051018229873,
      0.6511036783349217,
      0.7392850762707007,
      0.7568759371817069,
      0.7661898893001805,
      0.7302419133689011,
      0.7432833228003878,
      0.6643507983618812,
      0.7182408094512103,
      0.7522424436031151,
      0.7562717078483607,
      0.703375061930614,
      0.7450000520468647,
      0.7891289907955488,
      0.6888652850760818
    ],
    "time_sec": 17294.38210439682,
    "desc": "10-restart + SWA + warmup + cosine + grad_accum"
  },
  "B_data_enhance": {
    "mean_r": 0.5644647483563923,
    "std_r": 0.07251847231467151,
    "all_r": [
      0.42303880429324664,
      0.563320968227852,
      0.5276641291606378,
      0.6154308242181508,
      0.5943483540697889,
      0.6978930025872763,
      0.4039299873443768,
      0.5100047897991318,
      0.6635016426832013,
      0.5725315140710011,
      0.573055951231201,
      0.48175953793702975,
      0.6191985251234474,
      0.57298509618844,
      0.5920738099629295,
      0.5847457060970819,
      0.5865533245929105,
      0.43509725751977846,
      0.5389896562313857,
      0.5562636709786334,
      0.5658660496694159,
      0.6506176280183869,
      0.560830257717598,
      0.6793514667064489,
      0.5425667544804536
    ],
    "time_sec": 27501.728801965714,
    "n_bushdid_pairs": 1046,
    "desc": "A + Bushdid pseudo-similarity pre-training"
  },
  "C_hp_search": {
    "mean_r": 0.7317507416850222,
    "std_r": 0.03824884728475904,
    "all_r": [
      0.711618059010327,
      0.763936853196713,
      0.6593956624740935,
      0.7092847011656774,
      0.7520012269657437,
      0.7883386809783803,
      0.7343842478484978,
      0.7136577562934087,
      0.7377366064308605,
      0.6800371977760806,
      0.7187305913863418,
      0.6917766963120616,
      0.6951507488893438,
      0.7917445861285557,
      0.7717600400030672,
      0.7493882546765793,
      0.7738445431159923,
      0.6881719692968975,
      0.7467994333201827,
      0.7766000493502608,
      0.6970286422927202,
      0.6857778432124981,
      0.7986850011074385,
      0.7149151297055972,
      0.7430040211882342
    ],
    "time_sec": 16634.36775636673,
    "best_hp": "T4",
    "best_n_steps": 4,
    "best_dt": 0.05,
    "hp_search_results": {
      "T2": {
        "mean_r": 0.7289868951350302,
        "std_r": 0.03748051555928325,
        "all_r": [
          0.7051085040881206,
          0.7979448359144674,
          0.6944759175237528,
          0.7387311676112666,
          0.7086740505375435
        ],
        "n_steps": 2,
        "dt": 0.1,
        "time_sec": 921.895699262619
      },
      "T4": {
        "mean_r": 0.7292362508174668,
        "std_r": 0.0259105054458932,
        "all_r": [
          0.6966326951328558,
          0.719951589813503,
          0.7308511758554777,
          0.722972160895367,
          0.7757736323901305
        ],
        "n_steps": 4,
        "dt": 0.05,
        "time_sec": 1055.9915709495544
      },
      "T8": {
        "mean_r": 0.4611434814342701,
        "std_r": 0.10545219362969621,
        "all_r": [
          0.433050725563045,
          0.575683712599796,
          0.275840054794086,
          0.5457036982529062,
          0.4754392159615172
        ],
        "n_steps": 8,
        "dt": 0.025,
        "time_sec": 249.28376650810242
      },
      "T16": {
        "mean_r": 0.40369855434459867,
        "std_r": 0.15364168267421413,
        "all_r": [
          0.37769042243347556,
          0.5906486784355132,
          0.12829353215598302,
          0.4622033693122024,
          0.4596567693858188
        ],
        "n_steps": 16,
        "dt": 0.0125,
        "time_sec": 321.5675992965698
      },
      "T4_dt0.1": {
        "mean_r": 0.6856299183746181,
        "std_r": 0.05693125125443735,
        "all_r": [
          0.6142247275066077,
          0.749554628422122,
          0.6281927498408835,
          0.6896758227388583,
          0.7465016633646192
        ],
        "n_steps": 4,
        "dt": 0.1,
        "time_sec": 1164.2098562717438
      },
      "T4_dt0.025": {
        "mean_r": 0.7217824056898456,
        "std_r": 0.04458115759947806,
        "all_r": [
          0.706983700247641,
          0.7709095914764128,
          0.658572958035055,
          0.698193778198086,
          0.7742520004920334
        ],
        "n_steps": 4,
        "dt": 0.025,
        "time_sec": 1021.1084864139557
      },
      "T8_dt0.05": {
        "mean_r": 0.4488408314341026,
        "std_r": 0.11922634192506548,
        "all_r": [
          0.4232284037194682,
          0.521064762765369,
          0.22862549521016223,
          0.5642641617278623,
          0.5070213337476511
        ],
        "n_steps": 8,
        "dt": 0.05,
        "time_sec": 238.37283444404602
      }
    },
    "desc": "Best HP: T4 + 10-restart + SWA"
  },
  "baseline": {
    "mean_r": 0.7801968124642414,
    "std_r": 0.03941848375350945,
    "all_r": [
      0.7619643956079075,
      0.8459218171300921,
      0.7345931765789337,
      0.7721877562732982,
      0.8281246817549819,
      0.8120889988639453,
      0.7599557144486138,
      0.7736471497290259,
      0.7751470527827115,
      0.7796731731685802,
      0.7749126807055772,
      0.6951822570870113,
      0.8340426795692608,
      0.8476491308737035,
      0.8306005278804588,
      0.7125250880387064,
      0.7881828915751915,
      0.7519323210570097,
      0.7617100949968635,
      0.8008814934108982,
      0.7560094643366948,
      0.8076136353801918,
      0.7918297586555633,
      0.7857662589899194,
      0.7227781127108938
    ],
    "time_sec": 5132.250130176544,
    "desc": "Original v18, 3-restart, no SWA"
  },
  "references": {
    "v18_previous": 0.68,
    "v19": 0.594,
    "v20": 0.436,
    "v21": 0.553,
    "v22": 0.532,
    "v23": 0.52,
    "v24": 0.44
  },
  "total_time_sec": 71535.3754324913
}